Title,Location,Skills,Date Posted
Software Engineer,Abu Dhabi,"Django, React, SQL",2025-04-03
Frontend Developer,Ajman,"JavaScript, SQL, Python",2025-03-06
Data Scientist,Sharjah,"Vue, JavaScript, Node.js, React",2025-04-23
Frontend Developer,Ajman,"JavaScript, AWS",2025-03-08
Frontend Developer,Sharjah,"C#, React, Python, JavaScript, Django",2025-03-25
Data Analyst,Dubai,"JavaScript, Django",2025-04-27
Software Engineer,Abu Dhabi,"SQL, AWS",2025-05-02
Software Engineer,Ajman,"Node.js, Django, Python, AWS",2025-03-16
Frontend Developer,Abu Dhabi,"Django, React, Vue, Node.js",2025-03-20
Backend Developer,Dubai,"Node.js, Vue, JavaScript, SQL",2025-04-23
Frontend Developer,Sharjah,"Java, React",2025-03-06
Data Analyst,Dubai,"React, AWS",2025-05-02
Software Engineer,Abu Dhabi,"Python, Node.js, C#, React",2025-03-13
Software Engineer,Dubai,"Python, Django, C#",2025-04-28
Frontend Developer,Dubai,"Node.js, Vue, Python",2025-04-26
Data Scientist,Sharjah,"C#, Node.js, Java, Vue",2025-03-06
Frontend Developer,Dubai,"Node.js, Python, C#",2025-03-07
Backend Developer,Al Ain,"Java, Python, AWS, SQL, Django",2025-03-25
Frontend Developer,Al Ain,"Django, C#, Python, Java, JavaScript",2025-03-17
Backend Developer,Abu Dhabi,"React, AWS, Vue",2025-03-09
Data Analyst,Sharjah,"Node.js, Django",2025-03-30
Data Analyst,Dubai,"AWS, Django, Python",2025-05-03
Software Engineer,Abu Dhabi,"Python, JavaScript",2025-03-23
Software Engineer,Ajman,"C#, SQL",2025-05-01
Data Scientist,Abu Dhabi,"Python, React, C#, SQL",2025-04-20
Frontend Developer,Al Ain,"Django, C#, Node.js, Java, Vue",2025-03-27
Data Analyst,Dubai,"C#, JavaScript",2025-03-26
Data Scientist,Dubai,"Python, Node.js",2025-04-30
Backend Developer,Al Ain,"AWS, Python",2025-03-11
Frontend Developer,Al Ain,"Django, Node.js",2025-03-10
Data Analyst,Al Ain,"React, Node.js, AWS, Python",2025-04-19
Backend Developer,Al Ain,"C#, SQL, React, Vue, AWS",2025-03-20
Software Engineer,Al Ain,"Django, Java, C#, Node.js, Vue",2025-03-13
Software Engineer,Ajman,"React, Vue, Java",2025-03-30
Software Engineer,Sharjah,"React, Vue, JavaScript",2025-03-27
Backend Developer,Dubai,"C#, SQL, Python, Django, JavaScript",2025-03-22
Data Analyst,Ajman,"React, Python, Vue",2025-03-18
Data Scientist,Dubai,"Vue, Java, JavaScript, Python",2025-03-14
Backend Developer,Abu Dhabi,"Java, JavaScript, SQL, C#",2025-04-14
Backend Developer,Ajman,"SQL, Node.js, React",2025-03-31
Frontend Developer,Abu Dhabi,"AWS, Vue",2025-03-28
Data Scientist,Dubai,"React, Python",2025-04-09
Frontend Developer,Abu Dhabi,"SQL, AWS, Java",2025-04-10
Software Engineer,Ajman,"Node.js, React, C#, Vue",2025-03-28
Data Scientist,Al Ain,"JavaScript, Python, Django, Vue",2025-04-30
Backend Developer,Dubai,"Django, AWS",2025-04-14
Backend Developer,Al Ain,"Vue, SQL, C#, JavaScript, Django",2025-03-28
Data Scientist,Al Ain,"JavaScript, Python, Node.js",2025-05-03
Data Analyst,Dubai,"AWS, React, Vue",2025-04-14
Backend Developer,Al Ain,"Django, AWS, Vue",2025-03-10
Backend Developer,Al Ain,"Django, JavaScript",2025-03-18
Software Engineer,Abu Dhabi,"Vue, C#, Django, React, JavaScript",2025-04-08
Backend Developer,Al Ain,"Django, SQL, Java, Node.js, JavaScript",2025-05-03
Frontend Developer,Ajman,"Django, AWS, Node.js, Vue",2025-04-03
Data Analyst,Abu Dhabi,"JavaScript, Node.js, Vue, C#",2025-04-20
Data Scientist,Al Ain,"C#, Vue, React",2025-04-03
Frontend Developer,Al Ain,"JavaScript, Python, Django, AWS, Java",2025-05-04
Frontend Developer,Abu Dhabi,"JavaScript, Node.js, Java, SQL, Django",2025-04-12
Software Engineer,Al Ain,"Vue, React, C#",2025-03-26
Backend Developer,Dubai,"C#, AWS, SQL, Python",2025-04-01
Software Engineer,Abu Dhabi,"Java, Python, JavaScript, Vue",2025-04-03
Frontend Developer,Sharjah,"AWS, Node.js, Django",2025-05-01
Data Scientist,Ajman,"JavaScript, Node.js, Vue",2025-05-02
Backend Developer,Sharjah,"Node.js, Python, Django",2025-03-10
Software Engineer,Dubai,"AWS, Python, C#, Java, Django",2025-03-13
Data Scientist,Sharjah,"SQL, Django",2025-04-25
Backend Developer,Dubai,"AWS, Java, Python",2025-05-02
Frontend Developer,Al Ain,"Java, Node.js",2025-04-26
Data Analyst,Abu Dhabi,"AWS, React, Vue, Python, JavaScript",2025-04-27
Data Analyst,Abu Dhabi,"Node.js, C#, JavaScript, AWS",2025-05-03
Backend Developer,Al Ain,"Django, Vue, SQL",2025-03-17
Backend Developer,Al Ain,"Python, Java, AWS",2025-04-12
Frontend Developer,Sharjah,"SQL, Django, AWS",2025-05-02
Data Scientist,Dubai,"React, Java, SQL, Node.js",2025-03-24
Data Analyst,Ajman,"AWS, React, SQL, Java",2025-03-12
Backend Developer,Al Ain,"JavaScript, AWS, C#, React",2025-05-03
Backend Developer,Ajman,"AWS, JavaScript, React, Python, SQL",2025-03-26
Data Analyst,Abu Dhabi,"Java, Vue, React, Django",2025-03-06
Data Analyst,Al Ain,"SQL, Django, React, Vue, Node.js",2025-04-22
Frontend Developer,Sharjah,"Node.js, SQL, Vue, JavaScript, React",2025-04-10
Data Scientist,Abu Dhabi,"Java, Python, C#, React",2025-04-17
Frontend Developer,Sharjah,"SQL, JavaScript, React, Java",2025-03-14
Data Scientist,Dubai,"Django, SQL",2025-05-01
Data Analyst,Sharjah,"JavaScript, Java, C#, React",2025-04-04
Backend Developer,Sharjah,"AWS, SQL, Java, JavaScript",2025-05-04
Data Scientist,Ajman,"Node.js, Django, C#, Vue",2025-04-08
Data Scientist,Dubai,"SQL, Java, Django, React",2025-03-26
Data Scientist,Al Ain,"C#, Vue, Java, React, JavaScript",2025-03-22
Frontend Developer,Dubai,"React, Vue, AWS, Django",2025-04-13
Backend Developer,Dubai,"SQL, JavaScript, Django",2025-05-01
Data Analyst,Dubai,"JavaScript, Python, Django, C#",2025-03-08
Data Scientist,Dubai,"Node.js, SQL, Django",2025-03-16
Software Engineer,Dubai,"Python, React, Java, Node.js, Django",2025-03-27
Frontend Developer,Al Ain,"AWS, Vue, Django, JavaScript",2025-03-15
Frontend Developer,Al Ain,"Node.js, Django",2025-04-13
Backend Developer,Al Ain,"Vue, Java, AWS",2025-03-18
Frontend Developer,Dubai,"SQL, Node.js, JavaScript, React, Django",2025-03-14
Data Analyst,Al Ain,"C#, React, AWS, Django, Node.js",2025-04-29
Data Scientist,Ajman,"JavaScript, AWS, React, Django, Java",2025-04-23
Software Engineer,Ajman,"SQL, Django, C#, AWS, Python",2025-03-19
